iter	Logloss
0	0.122485901811	0.0409786614722	0.0218428453733	0.0142077887244	0.0116775351555	0.0107535905866	0.0104064296877	0.0101509040388	0.01003239939	9	0.009886401934

